<?xml version="1.0" encoding="UTF-8"?><idempiere Name="AD_Menu" Version="1.0.0" idempiereVersion="5.1.0.qualifier" DataBaseVersion="2017-10-31" Description="" Author="SuperUser" AuthorEmail="superuser @ idempiere.com" CreatedDate="Tue Nov 16 14:31:25 VET 2021" UpdatedDate="Tue Nov 16 14:31:25 VET 2021" PackOutVersion="100" UpdateDictionary="true" Client="0-SYSTEM-System" AD_Client_UU="11237b53-9592-4af1-b3c5-afd216514b5d">
    <AD_Menu type="table">
        <SeqNo>999</SeqNo>
        <AD_Client_ID>0</AD_Client_ID>
        <AD_Org_ID>0</AD_Org_ID>
        <Name>Report Qr</Name>
        <Description/>
        <Action>R</Action>
        <AD_Window_ID reference="id"/>
        <AD_Workflow_ID reference="id"/>
        <AD_Task_ID reference="id"/>
        <IsActive>Y</IsActive>
        <IsSummary>N</IsSummary>
        <AD_Process_ID reference="uuid" reference-key="AD_Process">c33548b2-c297-4816-b3cb-8813affa5ef0</AD_Process_ID>
        <IsSOTrx>Y</IsSOTrx>
        <AD_Form_ID reference="id"/>
        <IsReadOnly>N</IsReadOnly>
        <EntityType>U</EntityType>
        <IsCentrallyMaintained>Y</IsCentrallyMaintained>
        <AD_Menu_UU>07772aba-5990-44bc-a41d-dbf8bfa92e33</AD_Menu_UU>
        <AD_InfoWindow_ID reference="id"/>
        <AD_Menu_Trl type="translation">
            <Name>Report Qr</Name>
            <Description/>
            <AD_Language>es_EC</AD_Language>
            <IsActive>Y</IsActive>
            <IsTranslated>N</IsTranslated>
        </AD_Menu_Trl>
        <AD_Attachment type="table">
            <AD_Client_ID>0</AD_Client_ID>
            <AD_Org_ID>0</AD_Org_ID>
            <IsActive>Y</IsActive>
            <AD_Table_ID reference="id">284</AD_Table_ID>
            <Record_ID reference="uuid" reference-key="AD_Process">c33548b2-c297-4816-b3cb-8813affa5ef0</Record_ID>
            <BinaryData>1.dat|byte[]</BinaryData>
            <Title>zip</Title>
            <TextMsg/>
            <AD_Attachment_UU>22b5c62c-fd67-41af-aa4b-c0deed1c3cda</AD_Attachment_UU>
        </AD_Attachment>
        <AD_Process type="table">
            <AD_Client_ID>0</AD_Client_ID>
            <AD_Org_ID>0</AD_Org_ID>
            <IsActive>Y</IsActive>
            <Name>Report Qr</Name>
            <Description/>
            <Help/>
            <ProcedureName/>
            <IsReport>Y</IsReport>
            <Value>Report Qr</Value>
            <IsDirectPrint>N</IsDirectPrint>
            <AD_ReportView_ID reference="id"/>
            <Classname/>
            <AccessLevel>3</AccessLevel>
            <EntityType>U</EntityType>
            <Statistic_Count>0</Statistic_Count>
            <Statistic_Seconds>0</Statistic_Seconds>
            <AD_PrintFormat_ID reference="id"/>
            <WorkflowValue/>
            <AD_Workflow_ID reference="id"/>
            <IsBetaFunctionality>N</IsBetaFunctionality>
            <IsServerProcess>N</IsServerProcess>
            <ShowHelp>Y</ShowHelp>
            <JasperReport>attachment:test_qr_code.jasper</JasperReport>
            <AD_Form_ID reference="id"/>
            <CopyFromProcess>N</CopyFromProcess>
            <AD_Process_UU>c33548b2-c297-4816-b3cb-8813affa5ef0</AD_Process_UU>
            <AD_CtxHelp_ID reference="id"/>
            <ExecutionType/>
            <AllowMultipleExecution>P</AllowMultipleExecution>
            <AD_Process_Trl type="translation">
                <Help/>
                <Description/>
                <Name>Report Qr</Name>
                <AD_Language>es_EC</AD_Language>
                <IsActive>Y</IsActive>
                <IsTranslated>N</IsTranslated>
            </AD_Process_Trl>
            <AD_Reference type="table">
                <AD_Reference_ID>19</AD_Reference_ID>
                <AD_Client_ID>0</AD_Client_ID>
                <AD_Org_ID>0</AD_Org_ID>
                <AD_Reference_ID>19</AD_Reference_ID>
                <Name>Table Direct</Name>
                <Description>Direct Table Access</Description>
                <Help/>
                <ValidationType>D</ValidationType>
                <IsActive>Y</IsActive>
                <VFormat/>
                <EntityType>D</EntityType>
                <IsOrderByValue>N</IsOrderByValue>
                <AD_Reference_UU>85767149-7019-4224-a8d0-41f0d9d77d47</AD_Reference_UU>
                <AD_Reference_Trl type="translation">
                    <Help/>
                    <Name>Tabla Directa</Name>
                    <Description>Acceso directo de tabla</Description>
                    <AD_Language>es_CO</AD_Language>
                    <IsActive>Y</IsActive>
                    <IsTranslated>Y</IsTranslated>
                </AD_Reference_Trl>
                <AD_Reference_Trl type="translation">
                    <Help/>
                    <Name>Tabla Directa</Name>
                    <Description>Acceso directo de tabla</Description>
                    <AD_Language>es_EC</AD_Language>
                    <IsActive>Y</IsActive>
                    <IsTranslated>Y</IsTranslated>
                </AD_Reference_Trl>
            </AD_Reference>
            <AD_Element type="table">
                <AD_Element_ID>450</AD_Element_ID>
                <AD_Client_ID>0</AD_Client_ID>
                <AD_Org_ID>0</AD_Org_ID>
                <AD_Element_ID>450</AD_Element_ID>
                <IsActive>Y</IsActive>
                <ColumnName>M_PriceList_Version_ID</ColumnName>
                <Name>Price List Version</Name>
                <Description>Identifies a unique instance of a Price List</Description>
                <Help>Each Price List can have multiple versions.  The most common use is to indicate the dates that a Price List is valid for.</Help>
                <PrintName>Price List Version</PrintName>
                <PO_Description/>
                <PO_Help/>
                <PO_Name/>
                <PO_PrintName/>
                <EntityType>D</EntityType>
                <AD_Element_UU>0dcce986-f827-4453-b249-edb04737d4a3</AD_Element_UU>
                <Placeholder/>
                <AD_Element_Trl type="translation">
                    <Help>Cada lista de precios puede tener múltiples versiones. El uso más común es indicar las fechas en que es válida una lista de precios.</Help>
                    <PO_Description/>
                    <PO_Help/>
                    <Name>Versión de Lista de Precios</Name>
                    <Description>Identifica una instancia única de una lista de precios</Description>
                    <PrintName>Versión de Lista de Precios</PrintName>
                    <PO_Name/>
                    <PO_PrintName/>
                    <Placeholder/>
                    <AD_Language>es_CO</AD_Language>
                    <IsActive>Y</IsActive>
                    <IsTranslated>Y</IsTranslated>
                </AD_Element_Trl>
                <AD_Element_Trl type="translation">
                    <Help>Cada lista de precios puede tener múltiples versiones. El uso más común es indicar las fechas en que es válida una lista de precios.</Help>
                    <PO_Description/>
                    <PO_Help/>
                    <Name>Versión de Lista de Precios</Name>
                    <Description>Identifica una instancia única de una lista de precios</Description>
                    <PrintName>Versión de Lista de Precios</PrintName>
                    <PO_Name/>
                    <PO_PrintName/>
                    <Placeholder/>
                    <AD_Language>es_EC</AD_Language>
                    <IsActive>Y</IsActive>
                    <IsTranslated>Y</IsTranslated>
                </AD_Element_Trl>
            </AD_Element>
            <AD_Process_Para type="table">
                <AD_Client_ID>0</AD_Client_ID>
                <AD_Org_ID>0</AD_Org_ID>
                <IsActive>Y</IsActive>
                <Name>Price List Version</Name>
                <Description>Identifies a unique instance of a Price List</Description>
                <Help>Each Price List can have multiple versions.  The most common use is to indicate the dates that a Price List is valid for.</Help>
                <AD_Process_ID reference="uuid" reference-key="AD_Process">c33548b2-c297-4816-b3cb-8813affa5ef0</AD_Process_ID>
                <SeqNo>10</SeqNo>
                <AD_Reference_ID reference="id">19</AD_Reference_ID>
                <AD_Reference_Value_ID reference="id"/>
                <IsRange>N</IsRange>
                <AD_Val_Rule_ID reference="id"/>
                <FieldLength>0</FieldLength>
                <IsMandatory>Y</IsMandatory>
                <DefaultValue/>
                <VFormat/>
                <ValueMin/>
                <ValueMax/>
                <ColumnName>M_PriceList_Version_ID</ColumnName>
                <DefaultValue2/>
                <IsCentrallyMaintained>Y</IsCentrallyMaintained>
                <EntityType>U</EntityType>
                <AD_Element_ID reference="id">450</AD_Element_ID>
                <ReadOnlyLogic/>
                <DisplayLogic/>
                <AD_Process_Para_UU>f559ff93-db3d-401e-aa5d-5a188a6f4026</AD_Process_Para_UU>
                <IsEncrypted>N</IsEncrypted>
                <MandatoryLogic/>
                <Placeholder/>
                <Placeholder2/>
                <AD_Process_Para_Trl type="translation">
                    <Help>Cada lista de precios puede tener múltiples versiones. El uso más común es indicar las fechas en que es válida una lista de precios.</Help>
                    <Name>Versión de Lista de Precios</Name>
                    <Description>Identifica una instancia única de una lista de precios</Description>
                    <Placeholder/>
                    <Placeholder2/>
                    <AD_Language>es_EC</AD_Language>
                    <IsActive>Y</IsActive>
                    <IsTranslated>Y</IsTranslated>
                </AD_Process_Para_Trl>
            </AD_Process_Para>
        </AD_Process>
    </AD_Menu>
</idempiere>
